DoubleTime Cleaning,(469) 912-1172,Home Cleaning
MoreHands Maid Service,(469) 713-1207,Home Cleaning
RCJ Cleaning Specialists,(469) 708-4466,Home Cleaning
Maids 2 Match,(214) 210-1114,Home Cleaning
Gmaids,(214) 997-6918,Home Cleaning
Dallas Maids,(469) 487-6669,Home Cleaning
Maid Masters,(817) 609-7374,Home Cleaning
Summerville Cleaning Services,,Office Cleaning
Supermaids & Carpet Care,(972) 644-6469,Home Cleaning
Get Cleaned!,(469) 382-3179,Home Cleaning
Fresh Breeze Cleaning Services,(214) 701-4670,Home Cleaning
Tidy Maids of Frisco,(469) 920-8512,Home Cleaning
Dang Good Services,(469) 782-7974,Home Cleaning
Bit A Bliss Cleaning,(214) 390-3907,Home Cleaning
Texas Cleaning Services,(469) 875-5949,Home Cleaning
Family Cleaning And Services,(469) 446-7563,Home Cleaning
The Maid Place,(214) 644-0111,Home Cleaning
Maids 2 Match,(214) 210-1114,Home Cleaning
DoubleTime Cleaning,(469) 912-1172,Home Cleaning
Supermaids & Carpet Care,(972) 644-6469,Home Cleaning
The Universal Maid ,(800) 990-0765,Home Cleaning
